Channel,Iteration 1,Iteration 2,Iteration 3,Iteration 4,Iteration 5,Iteration 6,Iteration 7,Iteration 8,Iteration 9,Iteration 10
1,0.004613631206816024,0.001812038563381622,0.0027104936614591323,0.0035561157640800665,0.003975447740159595,0.001087918078309773,0.002124502973687168,0.004168211743568675,0.0053406276937369174,0.002728564281192528
2,0.004829590947914137,0.008114377117453024,0.006128244073847362,0.004569133415940013,0.0056149573369774115,0.0024742769772921848,0.005327871863560085,0.006268082312995548,0.0051920123175868,0.00676470255851166
3,0.01361276285652659,0.010305747802975659,0.011433221829360516,0.010553578094424278,0.012313321107015843,0.011478688221995286,0.011854772249901446,0.012750466196778823,0.011186792469763908,0.011261788087515682
4,0.01330696398807301,0.012437569038997719,0.016278583021187232,0.017936986556001563,0.013818062716115246,0.016758625601645177,0.014637049899339956,0.01604646186103247,0.014462198475701899,0.015693268973362248
5,0.024968871276307775,0.024364872167679484,0.024177490404179464,0.02654911230756738,0.023897151502088175,0.02388243003424315,0.02562674225430356,0.024955254330067837,0.028497626829714857,0.023830602931879857
6,0.03322083822314524,0.03496084429736321,0.02930366498297248,0.03305330787955721,0.032345436241615434,0.03642454815212924,0.026827468742047687,0.03286317026736782,0.032160678605582554,0.0339426708856073
7,0.04059572366243736,0.03889953912946262,0.03680162938948662,0.037712837014085496,0.04076696750639627,0.03719376536516236,0.03905934690608453,0.03617816430560632,0.03583878372322295,0.03478763204585339
8,0.013768676553779564,0.01525077104203601,0.013530723901826242,0.01720793594078811,0.012625189293513892,0.01751476316378151,0.01322099474096605,0.016352785578644138,0.013966106289282909,0.01442912984498453
