Channel,Iteration 1,Iteration 2,Iteration 3,Iteration 4,Iteration 5,Iteration 6,Iteration 7,Iteration 8,Iteration 9,Iteration 10
1,0.8432467284325232,0.8279761244863716,0.8064611960033778,0.8397412950340575,0.8079218230400522,0.8013281721158891,0.818709528812403,0.8255014851670273,0.8258191586754061,0.8084888703943158
2,0.6706733724737379,0.6595523244573154,0.6496164100019269,0.6645144703598914,0.6711032536894853,0.6435627681019276,0.6478842853950273,0.6510123457924604,0.660418468535334,0.6772759235390278
3,0.49818601965298503,0.49100746050092514,0.5124979533595455,0.4872650285457244,0.5033500857090841,0.4948812735640441,0.48539072735163113,0.4952742255731034,0.48218429049113987,0.49422308913661184
4,0.3534744429433597,0.35858313270934594,0.3544284017535358,0.3686100260997555,0.3462661068724842,0.36037680810786,0.37286795090501523,0.365108173661577,0.3450249297217878,0.3724173268841761
5,0.22565545922938915,0.2251556525041754,0.22478448775021737,0.2293924306053496,0.2229150012162842,0.23787841301030346,0.2193303209002229,0.22158120839770593,0.2303622532334397,0.23249203828170595
6,0.11735941682010834,0.12010310092162535,0.12144169571815167,0.1264306614483533,0.12951145735280467,0.11671829928353061,0.11676526720345176,0.12302055015533403,0.12539883235031263,0.1280207234933452
7,0.026168496935342317,0.02950951812642763,0.028393427444084615,0.024470843625702468,0.031042719055523277,0.02538151565644392,0.02824061898382238,0.02618509294925961,0.02485670871020887,0.030266745764841604
8,-0.02520641703782699,-0.025645425670295804,-0.026605248899402887,-0.024701600944074868,-0.025189642389809162,-0.02537603446569924,-0.026105359672270824,-0.024756116700459838,-0.024031341385385527,-0.025237568244573325
