Channel,Iteration 1,Iteration 2,Iteration 3,Iteration 4,Iteration 5,Iteration 6,Iteration 7,Iteration 8,Iteration 9,Iteration 10
1,0.14595079046598858,0.14163493051775283,0.1401807376089162,0.14386005567380508,0.14091150978247613,0.1403761683629567,0.1414829382738096,0.1413175493311602,0.1413673943107784,0.139877228049265
2,0.13925445515540183,0.13898459449370623,0.13347333687755825,0.13716656169126235,0.13807699930088124,0.1348532019850982,0.1356362477519534,0.13861335438481104,0.1364583657188121,0.13942355319722777
3,0.1286053942410477,0.12833375360840232,0.13302398757331832,0.12936336225381312,0.1312210780118673,0.13180553220991947,0.12704763070126135,0.1299419897125516,0.12741250215955469,0.12920238397630637
4,0.1194032101821352,0.12139022501444956,0.11970032864767255,0.12673000429380307,0.11615988065762607,0.12037069157331515,0.1232026402916269,0.12437212652204742,0.1197345451848401,0.1262156380356388
5,0.11116887091569883,0.11144713647070023,0.10925043874746057,0.1109770014799234,0.10515496593885441,0.11155587983554022,0.10474132657285201,0.1094229457233625,0.10698971662298987,0.10899730218150407
6,0.08890348127906542,0.08798659270975208,0.09293673976491276,0.0929621375043829,0.09648452704794194,0.08595149557392986,0.08670668558433518,0.0931975702396863,0.09353562547308136,0.09040413088621951
7,0.05887261954163639,0.062196099418577344,0.06216445551198634,0.057976159594145635,0.061735119747529155,0.05780572880640346,0.06104509386061711,0.0586755436887892,0.055417144819095335,0.0657817710109133
8,0.014780833155981995,0.018158634038167115,0.018368257469011794,0.017197323989904725,0.015502202112236579,0.017681208350190346,0.013619939442022444,0.014963821557281725,0.015680839204154178,0.012989700887858708
