Channel,Iteration 1,Iteration 2,Iteration 3,Iteration 4,Iteration 5,Iteration 6,Iteration 7,Iteration 8,Iteration 9,Iteration 10
1,0.0048832706068131495,0.0033377734275373545,0.0025265230304163887,0.004764937228432612,0.004292036713118208,0.004692702357952843,0.004844652253686319,0.0040576537071792766,0.004408532648861737,0.005237978201535466
2,0.0044832247313629624,0.005648694191303029,0.007178193865724454,0.006555447401095999,0.0066617902743591525,0.007004864208053119,0.006455351709604993,0.008324508168487284,0.004838388816356718,0.005624629867338429
3,0.012261149646725398,0.01319375389367667,0.012655447422351255,0.012324163058511148,0.012098890865595083,0.014382454132290006,0.010707968747299769,0.011056213160043214,0.012115926010279027,0.0116815644455361
4,0.016720048854663397,0.019634112612769608,0.015023348383004564,0.018397618407303973,0.013340622128156955,0.014361563019196872,0.01796878348285067,0.01995050516460809,0.011764497013079498,0.013995678491433771
5,0.025208465334531555,0.025206780234858814,0.02370266167210315,0.02628220177757349,0.023026047282969718,0.026708318663692734,0.024075102777624417,0.02544424931984131,0.021182013743375586,0.02475113076956654
6,0.03252992982676989,0.03450120831783227,0.03526646256081441,0.03705487188114287,0.0348476942919007,0.036808068320559245,0.03302849011818044,0.038134023908763325,0.03239624058090658,0.037487729628150855
7,0.03392811595011251,0.033722864063514865,0.037974392485522396,0.0337323059907579,0.03209025755567892,0.036717488737944476,0.04076485068506727,0.03626853557756998,0.029507245508816095,0.03487424871951074
8,0.012417145670762231,0.011627262663507457,0.017830084909437292,0.0153987931136497,0.01663285260670283,0.014462715530808537,0.013092242212269331,0.011223063524061251,0.014437675187403732,0.01570903779728972
