Channel,Iteration 1,Iteration 2,Iteration 3,Iteration 4,Iteration 5,Iteration 6,Iteration 7,Iteration 8,Iteration 9,Iteration 10
1,0.0044507199595787954,0.005592851396728054,0.0039770962202988125,0.0038811645029724878,0.0020841594075185527,0.005313461580311459,0.0037026024056841336,0.005603570463695029,0.0037759251187880335,0.0022842602179735834
2,0.008048534799548446,0.007941266219588454,0.005551363899260709,0.0048869058632982415,0.007730416574418981,0.006610838618817968,0.0066456959874971544,0.004772965257332647,0.006717912438748265,0.005216259108160501
3,0.010282287819548586,0.01047592250149645,0.008587297423939728,0.012039217255852904,0.015128318600893878,0.012069886139850553,0.00919426436407859,0.010654340420051357,0.012508578071148496,0.010927243706260952
4,0.014643027401596675,0.014411911136042243,0.017038830764893174,0.01723640602425379,0.017710113045482444,0.018108662421717586,0.018929579871071325,0.01617814618657173,0.01615903827565325,0.017832553225486415
5,0.025808650083583715,0.02494304170043214,0.023360995354476017,0.022618186037246975,0.021687763227509323,0.02182061210170275,0.022637287073354932,0.022315091265257932,0.023005730591751768,0.021002471526519736
6,0.03515143467875788,0.034417320215449264,0.03833852695472903,0.03349508396342293,0.03638996857487509,0.03737594703008561,0.03453161610953363,0.033492675046891546,0.03245807561109787,0.03857939468727254
7,0.03623107875555663,0.03893740813329515,0.03656732697166979,0.03848425560301324,0.037792845324663205,0.03882682837355141,0.03949554094137641,0.03635976170231391,0.03083033521792017,0.035074896364154874
8,0.011264449291585902,0.012078392996610624,0.01835321009181226,0.015115235845850925,0.013118686323139707,0.013838708114492887,0.016753933235018968,0.01361981503957015,0.01177040141527211,0.01199042881401867
