Channel,Iteration 1,Iteration 2,Iteration 3,Iteration 4,Iteration 5,Iteration 6,Iteration 7,Iteration 8,Iteration 9,Iteration 10
1,0.803087538046332,0.7997235009381437,0.7860865794185814,0.7948497161992227,0.7783279923034201,0.8049945506276033,0.812729692636939,0.804257670268278,0.7882465772088862,0.8112427113553831
2,0.6669386898923209,0.6468464989295124,0.6558143537163876,0.6769746019982514,0.6626358290141504,0.651959608546547,0.6670301939849252,0.6810419741051338,0.6550966637721358,0.6709635401139302
3,0.5116769421538706,0.514506399811914,0.5000473467382041,0.5180989311079992,0.5202091086539165,0.5142608200561373,0.5069240942991063,0.5167666283080667,0.5048467282004496,0.5003998492396088
4,0.3332587623077466,0.34921030682815873,0.3453965142816154,0.3524518753324224,0.3320295030472743,0.342271871651702,0.3428867728053989,0.3470105596292613,0.35324165375380256,0.3495839400993913
5,0.24093516478977878,0.23908344382046026,0.2420657714742757,0.23728774627562926,0.23759399251987653,0.23870683974584092,0.23375900547295192,0.23752319948570746,0.25403574456556793,0.24607448430169857
6,0.11122947326013657,0.10290296019481845,0.10745988940947376,0.10342729963942404,0.10820382687727867,0.10803807119188766,0.10931812560886406,0.10989963772521863,0.11128818551436512,0.11082196499789398
7,0.028922189637511267,0.02960668312171598,0.03173206360882799,0.033310360915057985,0.026481532988675893,0.033971814576659515,0.035032284925057375,0.03411030778728251,0.034893463133136224,0.03291849965300907
8,-0.02355351198122866,-0.02349739716216771,-0.024472170815552266,-0.02255391765902447,-0.02438476390667299,-0.023049565315793937,-0.022406911219755906,-0.02247841486112546,-0.022725044521874516,-0.02176664142803757
