Channel,Iteration 1,Iteration 2,Iteration 3,Iteration 4,Iteration 5,Iteration 6,Iteration 7,Iteration 8,Iteration 9,Iteration 10
1,0.14133264314574298,0.1398885521891589,0.1384324240149531,0.14042894264501102,0.13661462800598984,0.1416307851199512,0.14239668001827574,0.14133594568400637,0.13898743819164935,0.14134792861336415
2,0.13614010510097152,0.13539457136994343,0.13625990933043425,0.14008763532115723,0.1365587895433386,0.13535779603713344,0.13627040192336087,0.13965562084367936,0.136602313734646,0.14065954003731707
3,0.1304582870586932,0.13314315585852762,0.12825572247468678,0.13346048389960663,0.1308800946400438,0.130862893077898,0.13134917072805408,0.13410269523708318,0.12795155455203022,0.129946597141356
4,0.11709318099458686,0.11996624235355807,0.12084831885899122,0.12089791581724059,0.11704216592972246,0.11865010322213057,0.12126956264039852,0.1208182334452382,0.11907921787924225,0.12292509181369202
5,0.11645952773003855,0.11262055022938935,0.10919501909289615,0.11141524583670101,0.11335336678020048,0.10970614563678267,0.10986648993049293,0.1142595733613916,0.11367829219886612,0.1152120594036658
6,0.09658099520821471,0.08636247447667779,0.08573775280673326,0.08552932223235066,0.0869045955984724,0.09008201430376622,0.09199001099995774,0.0853109471120006,0.08519210109327904,0.08878695360531258
7,0.05902122962834112,0.05809247497308147,0.06164793010482103,0.06282438385847233,0.05518547676701854,0.06216034034940865,0.0649491878896095,0.06798387704158723,0.06543839020362353,0.059969307379311665
8,0.018864570686841105,0.01653329664736964,0.01913385003733859,0.01795399751631387,0.017442474159586056,0.01639988217766796,0.015573454429266958,0.01714658069609672,0.017000180274575394,0.018697840293873037
