Channel,Iteration 1,Iteration 2,Iteration 3,Iteration 4,Iteration 5,Iteration 6,Iteration 7,Iteration 8,Iteration 9,Iteration 10
1,0.14404387273921154,0.14521138910365317,0.14298882615484815,0.14526088685302518,0.14328086249615085,0.14255224626578256,0.14413568890784242,0.14419819699685904,0.14491207591952765,0.14244081722174556
2,0.1380379965595995,0.13571504965472053,0.13901233409487823,0.139810473272178,0.14056937279405796,0.13884694511257506,0.1396205851426002,0.13686778243260755,0.1364470905946868,0.1345161619918155
3,0.1344201581703703,0.13331068892623404,0.12911091775589675,0.13547401859011754,0.13544590422791392,0.13325392679948567,0.13692281677855955,0.13127934515195733,0.1375667394516395,0.1324543816754139
4,0.12699090071269603,0.12241481958788575,0.12532286279078245,0.1229621834568163,0.11823238472672935,0.12358719127595236,0.12458001718948761,0.12783051097394965,0.1270873762886127,0.12347319432604428
5,0.10777091357571682,0.11387377104351606,0.10811037703344922,0.10995693231376066,0.11315198510879342,0.10677118847840275,0.11432195563990268,0.11021813666558503,0.10523016041108513,0.10588204866935436
6,0.09189400554726795,0.09086418360707246,0.0948880800895743,0.09518623680928048,0.09347626851336173,0.09010012624392638,0.09266843581541309,0.08903242224075546,0.09120064495469449,0.09491348389691895
7,0.06349267474335193,0.06291556287727157,0.06562132453456253,0.06560935336501017,0.0614936699281717,0.06616172126880845,0.06772235918670944,0.06506909695696624,0.06493296609452964,0.06298532685139278
8,0.017494412899012157,0.014816872743286514,0.01729853766901605,0.015180751121299303,0.015494985056096068,0.016730074894219654,0.013910925057858054,0.01450327561897101,0.015441274050462368,0.01665177190063356
