Channel,Iteration 1,Iteration 2,Iteration 3,Iteration 4,Iteration 5,Iteration 6,Iteration 7,Iteration 8,Iteration 9,Iteration 10
1,0.8285245263904153,0.8092724292295487,0.8279959291850261,0.8461559053685579,0.8220233171996322,0.8357005004708103,0.8262289978786606,0.8023533804323253,0.7824435885613903,0.8179937162890007
2,0.6512866595493587,0.6439730724187442,0.6361737368764264,0.6687577680250147,0.678221639544172,0.6653002396827258,0.6599226732632206,0.6610239379815399,0.6539657334989876,0.6539798266637915
3,0.48496848936918446,0.4833443223589733,0.4901898444486409,0.4929197301579972,0.49825158423818316,0.4947678677985814,0.505455787058617,0.4845524097765037,0.49907862491791455,0.4874673888298901
4,0.3700930630278221,0.3543762421366756,0.3639499517706113,0.365575854328729,0.37733066603880255,0.3679567035648663,0.3529412733766232,0.37484041396762124,0.34943225421463164,0.3707934518981628
5,0.22410736470449594,0.22763932250965882,0.22324194595724003,0.22832256454495573,0.232836541110695,0.23104931285122485,0.22541374999230276,0.22028613755431078,0.21967286540109948,0.23078520106931855
6,0.11686389962920274,0.11462021821576379,0.12663981981570704,0.12756100348567972,0.11616941754361668,0.11976150561756008,0.12581730434285585,0.11884008116406425,0.11946334081016269,0.1193264203470378
7,0.03238541210779758,0.0342946800792014,0.034187814461002775,0.03525680658130251,0.03899482413861845,0.035132269193446974,0.03168312543127279,0.032556952720570353,0.033801631049801134,0.03636938336336165
8,-0.02300258774057337,-0.022909961629580967,-0.024552804612216,-0.02489538574563981,-0.022813030810993656,-0.021978031851203034,-0.021818024721078053,-0.02232710505117151,-0.02235790626654063,-0.023571834541468523
