Channel,Iteration 1,Iteration 2,Iteration 3,Iteration 4,Iteration 5,Iteration 6,Iteration 7,Iteration 8,Iteration 9,Iteration 10
1,0.14248141192908279,0.13934293166986916,0.14336140091241717,0.1456422004204492,0.1432023572035503,0.1430191407197523,0.14188554337847709,0.14014914038715176,0.13823369491990098,0.14149381196707428
2,0.13677174496518646,0.1352932507481878,0.13366881650378867,0.13962342108456938,0.14098026059920582,0.13849933230735748,0.1374943046751665,0.1381741012268098,0.13723968627413666,0.13727551302175417
3,0.12717955964346234,0.12890532057876886,0.12817118671066943,0.12859897522362382,0.12853061113434028,0.1317877288895579,0.13059879019537085,0.12722546375363164,0.13007260343256954,0.12927545538461968
4,0.11991623497891199,0.12190999820660707,0.12345230534258189,0.12471595493686014,0.12766686625985144,0.12365735321350571,0.12042160144967062,0.12582645691780314,0.12025933241127539,0.12663373138549222
5,0.11102349617930049,0.10792015832517933,0.1074324311621143,0.1087202217612345,0.11148215873129684,0.11292210204947696,0.11152162900102669,0.10813401899598876,0.10666015274083551,0.11050913433681275
6,0.09376318661834049,0.09163180414824677,0.09498610253070724,0.09770658752208213,0.08998591603080103,0.0910690544966416,0.09550950290742385,0.09234771850683987,0.09236969702590912,0.0916011562715265
7,0.059623080210617886,0.062022177041410914,0.0637818599942461,0.06519255430612642,0.061991139445766084,0.06600783398505845,0.06521825493970054,0.05925410527798978,0.06212683236002984,0.0637916733804119
8,0.012949266382841539,0.015296403046482271,0.01532845475029825,0.017311851362873235,0.01296857186003986,0.01650357948975793,0.016342721782978454,0.01586102319641222,0.01759767018010334,0.013531825700946586
