Channel,Iteration 1,Iteration 2,Iteration 3,Iteration 4,Iteration 5,Iteration 6,Iteration 7,Iteration 8,Iteration 9,Iteration 10
1,0.1427652783229682,0.1420794976052159,0.13833147030435933,0.14265117583529907,0.1425438167922135,0.1414769544982261,0.1413753868894565,0.14162508355609751,0.14072632460935972,0.1419414848232641
2,0.13336440112232914,0.1364841849609777,0.13678072262246138,0.13477392292409907,0.13439111517966362,0.1359708357536769,0.13824094988078667,0.1362513010358199,0.13503585384747074,0.13411316505352228
3,0.13236496042834592,0.13407044876528434,0.13034111357205838,0.1288694538492189,0.1294825120385255,0.13119078397322817,0.13108558368046394,0.1324649821613625,0.1263242912255784,0.1305135720286172
4,0.12766772741543608,0.12713424141772983,0.12179912653772591,0.12353261364932275,0.12126533193757705,0.1226589598000064,0.12116828461788495,0.12857330166199782,0.12443410075821962,0.12313940868496139
5,0.10796901668685963,0.11172292441177142,0.10940878443376686,0.11157829718373441,0.10839183527491834,0.11132529658396817,0.11346403338149663,0.11040849885110701,0.10848089936596085,0.10543038554116463
6,0.09103425698917211,0.09150599266544421,0.09190675141062904,0.09535613294439932,0.09022110018845064,0.0858890032351788,0.09051491944452546,0.09403517841215453,0.0938814921767296,0.09340569988475625
7,0.06199327472598551,0.06268510236293058,0.0657042779930207,0.06605070677122743,0.06628920136967428,0.06469801923989271,0.0655622882706306,0.0649092663589127,0.06404827650789097,0.05763124078058028
8,0.01821546429599346,0.020423649229480957,0.01554413180514107,0.01594023992176265,0.017334993744625608,0.018113344403812518,0.01748376657119139,0.018482436545021307,0.017222191605730484,0.017599692743472395
