Channel,Iteration 1,Iteration 2,Iteration 3,Iteration 4,Iteration 5,Iteration 6,Iteration 7,Iteration 8,Iteration 9,Iteration 10
1,0.14720236795533648,0.14384837565225986,0.14486154389242717,0.14248169282638995,0.14430043600720105,0.14829481022670102,0.14527053748784904,0.14405404473059366,0.14441875339869117,0.14488846280537304
2,0.1368625517213905,0.13803157112357867,0.13545632558038082,0.13429330601127668,0.14059158156620033,0.13765773212186544,0.13869203407038613,0.1374049242386415,0.13409351487644375,0.13974426752088315
3,0.1315528950435836,0.12934585113068442,0.12983521897285016,0.1299589030168471,0.13151286815809532,0.1293254714739391,0.1314760866459614,0.13610659416631485,0.13395173608623268,0.13037636052365256
4,0.11807046979056823,0.11870036875228,0.1197355246292301,0.12473030758829083,0.11608364962565916,0.12620704096315907,0.11879888613950651,0.11912823195699132,0.11863694767452862,0.11864546877614954
5,0.11015901032527106,0.1101419295527458,0.11084607299679596,0.10933832798553295,0.10899586985250666,0.11038792936770969,0.11014962230003754,0.11166694912186285,0.1103073012937762,0.10741446850067103
6,0.09207035976709456,0.08758802291815423,0.09101914931193263,0.09142690394527131,0.09321483003091272,0.0919705920662364,0.09255578721733984,0.09074993222700853,0.09619519191203124,0.09038638821535082
7,0.05657108383064097,0.057449202638644684,0.06118662248655442,0.060396755281550855,0.06096257304824559,0.06148133182742506,0.059344799482664835,0.06021202904471423,0.052233141003699426,0.05593578696660738
8,0.01581367496175716,0.015027708108640202,0.012433170615006029,0.01323635467278129,0.015197077899615203,0.013060348242707586,0.01782692642519214,0.012522016771491262,0.014932456577780796,0.01330618885044009
