Channel,Iteration 1,Iteration 2,Iteration 3,Iteration 4,Iteration 5,Iteration 6,Iteration 7,Iteration 8,Iteration 9,Iteration 10
1,0.14267463450537232,0.1455769436931496,0.13616214477751304,0.13993891121732172,0.14034846852786356,0.1438994018323911,0.1444544206412903,0.14066021309747742,0.13874252211802107,0.13995094843291542
2,0.13694904615638082,0.13821866725971765,0.1396613984967121,0.1402502756415015,0.13968187274326044,0.1395553656142545,0.13788844643526232,0.13665162882747728,0.1381943930285336,0.13468419806860615
3,0.12967602609645099,0.13177324340850682,0.13500831362433147,0.13319555073118666,0.1294425780513494,0.13038055797037507,0.13610045398866816,0.1358869414344693,0.13298709749218166,0.1306213693542519
4,0.12463628616059887,0.12591202336725243,0.12397660878180586,0.1257261948142486,0.12349640847582788,0.12050343628492043,0.1272628449953909,0.12323449719257067,0.12809462565534746,0.1256854020220134
5,0.11236430731608596,0.11161472934772385,0.11054781522079499,0.11333263923014146,0.10694506441036031,0.10918263712291057,0.11035243138651131,0.10647514466496362,0.1086641097287046,0.11073585754949104
6,0.09648444468784968,0.08851123775296497,0.08619093257044148,0.09227101623093525,0.09225510910019137,0.08567869925190845,0.09082918522265207,0.08760758768806369,0.08659423013505312,0.08927530583789034
7,0.07054547871494993,0.06553434946439787,0.06279071391369778,0.062081830384656,0.06235850092649162,0.060073242370279695,0.06670027471362054,0.06401300508611041,0.06058729419662542,0.06861388094164053
8,0.012736967788807165,0.014445881977536847,0.014904754510953697,0.014480913980098275,0.01457338969883348,0.011911430265550095,0.01585350027795695,0.013200195543026597,0.012787092280129643,0.013945554721952573
