Channel,Iteration 1,Iteration 2,Iteration 3,Iteration 4,Iteration 5,Iteration 6,Iteration 7,Iteration 8,Iteration 9,Iteration 10
1,0.004475170483460153,0.0028899617759296174,0.005405008474203929,0.00413348413956919,0.0023006373163271163,0.005805571959624622,0.005090071579828113,0.005887621059556792,0.005972797896712983,0.004199316062409792
2,0.009963916562962728,0.009216943699109977,0.010939209498938833,0.009825176142813917,0.010197121742007036,0.008283104077672326,0.0119273376390646,0.008188920659315294,0.008146019219595667,0.010839445189498444
3,0.010426025367293944,0.012794170631610995,0.015015927378297305,0.011597281143503349,0.012977505063158527,0.01199867459019167,0.013922986260213684,0.01113989437483314,0.011919786349310141,0.012238344810980918
4,0.016242267734350526,0.010649711434363987,0.017459786307816378,0.012873098326634554,0.014224666201703942,0.015679699115509916,0.015754629790774466,0.015064553861599503,0.0152719227174447,0.0177062987121673
5,0.026303880824354323,0.02188833231620459,0.02132607973042024,0.02551706050110371,0.01706467825046128,0.023070880527105368,0.022526923928889244,0.02305703643898756,0.023707060273007077,0.02180365364805774
6,0.033687489463977066,0.03807657017431702,0.033539816278987104,0.03767349772254287,0.03688026122905992,0.03611366885272839,0.03826156518822114,0.03647402368490769,0.03557184253940243,0.03825442267841314
7,0.028836879026435516,0.034845056170790326,0.03714175307150107,0.03362100139279929,0.028685884758170084,0.029633605727201216,0.04093618235091238,0.03841909728972702,0.03546416372402804,0.032622077726620964
8,0.01869936444869247,0.015356120651377621,0.01751760651384559,0.018548758223886578,0.01596707979614187,0.015092795968233355,0.019566032219720586,0.017414701091821146,0.016412532510438504,0.018101096956955925
