Channel,Iteration 1,Iteration 2,Iteration 3,Iteration 4,Iteration 5,Iteration 6,Iteration 7,Iteration 8,Iteration 9,Iteration 10
1,0.004524622912749748,0.00337832006847583,0.0037724384115601895,0.003891195137315173,0.0035387949642655256,0.005693015136007985,0.003564623595467633,0.0032794242747569524,0.0036938529503038825,0.004828329902383913
2,0.0066950638943725875,0.006114202813347586,0.007462717964021426,0.008180655381416995,0.00764741304805074,0.007927680711572335,0.009597090019420383,0.0072866619798140665,0.008203831410874485,0.007273398311651722
3,0.013067104313191021,0.010921891524078657,0.011769291453853001,0.013933580378809532,0.011937826516007324,0.012323093955658178,0.009338557992933146,0.011976578177140543,0.014823028933179754,0.011938209190890095
4,0.017948239951575025,0.014871603305886152,0.018867698397566364,0.013982176269585173,0.015652475416267228,0.016489940162284,0.015569425868505495,0.016573443820622,0.016257105296747454,0.017537033616942536
5,0.024876590661080306,0.02547936247552613,0.02248380197591026,0.02198808475244124,0.01958822606907963,0.021618342403883675,0.02310677297912516,0.02360388555250626,0.0218607351774795,0.021563732084787308
6,0.03837225034394535,0.03559822058229238,0.03501137355422122,0.03388072034503487,0.030300320947596285,0.030997463794633084,0.03345835313859845,0.038119594670736,0.034400881801607386,0.03479463055529078
7,0.04356497142918827,0.03322322770646534,0.04146957526721683,0.04119642546233067,0.0347705745122626,0.03396007788230487,0.03314192689528453,0.036260765949957044,0.03439232922653429,0.03537435911978091
8,0.013762856044589676,0.013495271916803806,0.016117578974580243,0.010552096248700463,0.018453658640517366,0.012284872360698248,0.014026815630982405,0.014905253651227062,0.011696139667559346,0.015807900223933143
