Channel,Iteration 1,Iteration 2,Iteration 3,Iteration 4,Iteration 5,Iteration 6,Iteration 7,Iteration 8,Iteration 9,Iteration 10
1,-0.019242104195035303,-0.0190776047296663,-0.018548447571140554,-0.020181123757655454,-0.01910861763450217,-0.020494533110649995,-0.019993024956170245,-0.019359680248059417,-0.01925036814804093,-0.019694847316168246
2,-0.020268942115579773,-0.017914707833866526,-0.02031536215374964,-0.019273361528671654,-0.01782119932569428,-0.018780984581641853,-0.017629984286644,-0.020202588476255733,-0.01769020579454719,-0.01908858775693678
3,-0.011729217024753935,-0.014139640557992446,-0.010774028729057352,-0.012491959472402565,-0.01329538153413801,-0.01436393347759777,-0.015329452341617995,-0.01304210279957178,-0.012447737228189915,-0.013684204389296219
4,-0.007883660278662549,-0.00781946803654126,-0.00811502610991863,-0.010140611292013327,-0.006750607921735173,-0.008404867821968344,-0.00980663531644297,-0.011087707382197248,-0.009416699933823894,-0.010117649543962933
5,0.00107461500960198,-0.002154428419165369,-0.0006297591292652588,-0.002557375017715323,-0.0026304139064103234,-0.0015061591720919656,-0.0005606554993527885,0.0015291471062571088,-0.0025145598861435192,-0.0014505854517776126
6,0.0005841022729564452,0.002172206807305732,0.0008227314647511197,-0.0013835525525669537,-0.002692221906906718,0.0007013064204971498,-0.0006806009558781093,-0.00016759329157445962,-0.0006422815345668645,-0.0036436581553310893
7,0.0020460996250362268,0.002195595725475591,0.002547837731156785,0.005257155372121333,0.0016002100915418205,0.0014087048536554764,0.0008020458282756437,0.0011748450176066044,0.004105722917337226,0.002040756497206156
8,-0.022551371503330014,-0.022275426739035684,-0.021697560741329495,-0.02150529128052326,-0.022315807922966453,-0.02128901892910347,-0.0222357750309815,-0.022999290869796626,-0.02139727351278646,-0.022145602240620878
