Channel,Iteration 1,Iteration 2,Iteration 3,Iteration 4,Iteration 5,Iteration 6,Iteration 7,Iteration 8,Iteration 9,Iteration 10
1,0.00467344508401142,0.006105523720327934,0.005850711780337468,0.005563158776728211,0.0039032353109192466,0.004100715201977016,0.004265975885021034,0.004589910034343801,0.003679527402780407,0.004200382600309112
2,0.00598789751805304,0.006786662044841577,0.005576288963892774,0.0043810560022707465,0.005053807677571543,0.005929379259783434,0.005290897224737537,0.005296808951447842,0.006913712450780521,0.004179078880562817
3,0.011270500153748607,0.01085308688758827,0.0111146766489779,0.011640156759971338,0.01136348666585699,0.0070304436154190846,0.008350492578183911,0.011037709488660289,0.011320797180100116,0.010144220918560898
4,0.017781117335453,0.01807039926261606,0.0173820815395995,0.015732733911240367,0.018271545987633656,0.018525117369308834,0.019451364937230972,0.014631520515770104,0.015125422887066734,0.015586100182899578
5,0.0277163982977399,0.025833448164352655,0.028777319064171945,0.024231937489384108,0.025077587795524776,0.02978022093090595,0.0274318008198587,0.027425700519338736,0.020637862437314285,0.02455822531509017
6,0.033966973423369226,0.033076614532851024,0.03497258344745869,0.030505647156999376,0.029949311253999973,0.03582249050503425,0.03320901188171355,0.026316826646115343,0.031116832901195022,0.025927662043478603
7,0.03459789283012593,0.040576596008049144,0.03800839854346695,0.04230284911308947,0.03725657905938013,0.03820643672575925,0.03899118927684807,0.03321627983974572,0.04237219838664411,0.03832153500040313
8,0.01644608445078984,0.019341472531289643,0.014697589514791653,0.016015283466490945,0.016762117681342996,0.02074592983264675,0.01759390194459781,0.01906756891305664,0.01474085935949377,0.016192356828875685
