Channel,Iteration 1,Iteration 2,Iteration 3,Iteration 4,Iteration 5,Iteration 6,Iteration 7,Iteration 8,Iteration 9,Iteration 10
1,0.14162157751464508,0.1425435034527423,0.14624626723307965,0.14064599511686332,0.1421622169171922,0.14382627053556368,0.1446170598792594,0.14462987276655082,0.14427346710900385,0.14552409742120412
2,0.13720498134519973,0.13562816506705178,0.13586178607472685,0.13727906137391813,0.13600507188723304,0.13907003185762187,0.13816180347941553,0.14147128167261352,0.1390730603469951,0.13655393556937717
3,0.12998862585987697,0.13252491365090108,0.12765654874494925,0.1254253558339763,0.1296477699607284,0.1316807314553733,0.1274008799423417,0.1302976186971656,0.12954089179790332,0.13112913602698123
4,0.12329015785254818,0.12082066983477183,0.12293279528781198,0.12382399663864235,0.12092906676803164,0.12131680669461939,0.12270961641084559,0.12222998385298174,0.1199485751496164,0.12258865648087333
5,0.10959993826074098,0.1095145546658533,0.10568471815485687,0.10630497719660059,0.10516542597660827,0.10663974470462742,0.1082483583540266,0.11033410417570452,0.10897237395689245,0.11173138146361718
6,0.0900862162817737,0.09465680068721989,0.08482529691260193,0.08964041164818538,0.0908251964751715,0.08479116242390204,0.09470780795719615,0.09048245922734333,0.09001894628682104,0.08800554229180026
7,0.05459535372833762,0.06560594315076479,0.05743694487308762,0.05813001019308767,0.06342101769949397,0.0604599820610129,0.060907358876033435,0.062384404590957246,0.06313273738813543,0.058181671386867855
8,0.01478428975004071,0.016719586988866574,0.01637670704797703,0.017221128150655095,0.012888420623341555,0.021205634824441093,0.01896475676692949,0.016842913771262246,0.01878712951534539,0.016359274358498464
